outcome,team,r.squared
gpa,ADSgrp5 ,0.17957995006325955
gpa,aemack ,0.15303879288510636
gpa,agalle ,0.0892232670854729
gpa,alexlibby ,-0.1223018638989597
gpa,alhajri ,0.11127445870334862
gpa,Alpaca_CultureAsAWoolkit ,0.08721298973703218
gpa,amaatouq ,0.1725689213668593
gpa,amagann ,-0.13149177047483174
gpa,amcz ,-0.6854820787322771
gpa,amorgan ,0.06141345608611193
gpa,amusse ,0.08922326238667966
gpa,Anahit_Sargsyan ,0.14539409331752307
gpa,andrewor ,0.11821922911307514
gpa,annafil ,-6.661338147750939e-16
gpa,aprilfeifei ,0.15950628452515592
gpa,au324 ,0.06786944949475304
gpa,aurora1994 ,0.15362477782741202
gpa,aycai ,0.0892232670854729
gpa,azizkag ,-20.042787886333333
gpa,baseline ,-6.661338147750939e-16
gpa,bertalan ,-0.1489832038142509
gpa,bjgoode ,0.1403522096613682
gpa,bleizman ,0.0681997405976803
gpa,bnigdeli ,-2.8942268803788807e-8
gpa,brjohns ,-1.0562462016139307e-10
gpa,Bumblebee2023 ,0.05841688270600587
gpa,bz247 ,0.08279530696227866
gpa,carnegien ,0.17266589675317212
gpa,ccgilroy ,-0.4184137100358081
gpa,chicacvr ,0.17810949360106543
gpa,chris ,-0.03722707639444378
gpa,cjqian ,0.06392326809582916
gpa,cnstahl ,-1.2161383011743965e-12
gpa,datascience ,-6.661338147750939e-16
gpa,davidj ,0.1781405920285719
gpa,ddmmgg ,0.04878618582132921
gpa,devanshg ,-0.6796438317043128
gpa,dkozuch ,-0.015154476726136235
gpa,dliu18 ,-1.2161383011743965e-12
gpa,dremalt ,0.10334695071259248
gpa,drigobon ,0.14982572193608235
gpa,DS ,-19.256918127905085
gpa,eaman ,0.1765636566263551
gpa,ec ,-0.10230213222683204
gpa,echiou ,-3.6694036265276306
gpa,edz ,0.10530643115657046
gpa,ehk02004 ,0.09350885066313952
gpa,ekaban15 ,-2.8942268803788807e-8
gpa,err ,-1.0562462016139307e-10
gpa,ETsurkov ,0.10080180029530494
gpa,FormidableFamily ,0.14341036826652842
gpa,fperraudeau ,0.0830240707413048
gpa,fw ,-0.1019597635725531
gpa,ggundersen ,-20.042787886333333
gpa,ghe ,-7.698450841558785
gpa,greg.faletto ,0.08441379946639982
gpa,gregversteeg ,-0.13179549199762586
gpa,gsharma298 ,-24.63601818464877
gpa,gturunc16 ,-1.0562462016139307e-10
gpa,gulnihaltuzun ,-2.8942268803788807e-8
gpa,gwaldrop ,0.17277153046482885
gpa,haixiaow ,0.15488123142173682
gpa,hamidrezaomidvar ,-0.05775042665696084
gpa,hchai ,-2.2616842818526695
gpa,hesohn ,0.0663684104340101
gpa,hinthornw ,-0.16596680336439507
gpa,hty ,0.08922173826567115
gpa,ihorwitz ,0.011396887511788134
gpa,is2548_is ,0.15776825097402847
gpa,IU_Sociology ,-4.440892098500626e-16
gpa,jeremyfreese ,0.12449999070105311
gpa,jeremykanter ,-1.0562462016139307e-10
gpa,jgagne ,0.12930865917699774
gpa,jlhillny ,0.1475936012187098
gpa,jmels13 ,-2.4219020788862622e-8
gpa,jnchen ,-0.026386239331013472
gpa,joshua_becker_upenn ,-1.0562462016139307e-10
gpa,joshua800 ,-0.008642813693259921
gpa,Justajwu ,0.15965636826346707
gpa,jzrf ,0.1649053099277793
gpa,KAG ,0.14173659901236657
gpa,kapoor ,0.08009608727718909
gpa,karenfeng ,0
gpa,karipuf ,0.16538839884620382
gpa,katamg ,0.10372867083165194
gpa,Katy_P ,0.11144823231036938
gpa,kgenova ,-0.08466231473173114
gpa,khiguera ,0.008165148682505396
gpa,kivan ,-1.0780262748687353
gpa,kouyang ,0.12608976412334216
gpa,largyle ,0.06869224453421985
gpa,lazs ,-0.03286007073460806
gpa,lbb285 ,0.10775039078096404
gpa,lennyc ,0.013839297684457574
gpa,lkermode ,-1.2078948305625916
gpa,LouisR ,0.15267074608097897
gpa,lpschnab ,0.11621982926045593
gpa,mackl ,-1.0562462016139307e-10
gpa,malte ,0.17186663661004697
gpa,mannyg ,0.10535205541267134
gpa,maria_yr ,-1.0562462016139307e-10
gpa,mb298 ,0.08763434138089521
gpa,mdb ,-6.661338147750939e-16
gpa,mdrc ,-1.0562462016139307e-10
gpa,mkapoor ,-0.12863795810236778
gpa,mloyola ,0.06698293672647992
gpa,mogwai ,-1.0562462016139307e-10
gpa,mollylewis ,-1.0562462016139307e-10
gpa,mrytting ,-0.6179101951510082
gpa,mwhuhn ,-6.661338147750939e-16
gpa,myeomans ,0.06141345608708926
gpa,NaijiaLiu ,-0.058342572509253454
gpa,neamah ,-0.7441855721568285
gpa,nmandell ,0.1665387480536974
gpa,nperina ,0.09168067538466795
gpa,ovarol ,0.18184258994996916
gpa,Pentlandians ,0.17444226371707183
gpa,phoebs ,-1.0562462016139307e-10
gpa,pkrafft ,6.306926462673612e-4
gpa,ppz ,-0.06558160295280313
gpa,prakhar ,-0.3816978950497971
gpa,pups33 ,0.10784865400602517
gpa,rbamos ,-0.10163986450918916
gpa,rcompton ,0.13539880083469014
gpa,red_potato85 ,-0.02378565302599278
gpa,rfjz ,0.1649053099277793
gpa,rtodd ,-1.0562462016139307e-10
gpa,ruoyangp ,-1.0562462016139307e-10
gpa,ryanh ,0.06262128650919241
gpa,ryanjgallag ,-1.2161383011743965e-12
gpa,samantha_malte ,0.16224924933004625
gpa,sender ,0.08418786851340365
gpa,shashim ,6.401498220398594e-10
gpa,shausen ,0.11132777378041259
gpa,siemann ,0.08418786849842519
gpa,signoret ,0.0826825300485673
gpa,siqbal16 ,-2.8942268803788807e-8
gpa,smalamut ,0.0016092691342781684
gpa,soc383 ,0.12463577069555054
gpa,spike_slab_team ,0.16583611116883745
gpa,sw2009 ,-6.661338147750939e-16
gpa,sy ,0.1913425036133498
gpa,t.f.schaffner ,0.1698701995866756
gpa,Tamkinat ,0.10814749361187082
gpa,tdavidson ,0.09063559968112944
gpa,the_Brit ,0.14665389316190913
gpa,TheLoneCodeman ,-0.08712039670980332
gpa,Tina_the_Llama ,0.03167709349012249
gpa,tongwang ,-0.04493352944066542
gpa,user ,0.002314485884996942
gpa,user1 ,0.0016092691342781684
gpa,vharman2 ,0.07969261613564149
gpa,visseho ,-20.042787886333333
gpa,weggert ,0.13736897707003481
gpa,wjlei1990 ,0.1771624726302612
gpa,wnowak ,-1.0562462016139307e-10
gpa,wrcCOS424 ,-4.490766976197768
gpa,yaboybillnye ,-0.18309673978716257
gpa,yjpeng ,0.18199368229369906
gpa,yuex ,-1.2161383011743965e-12
gpa,zn2146 ,-6.661338147750939e-16
grit,ADSgrp5 ,0.03977150585335476
grit,aemack ,0.043399721043456796
grit,agalle ,0.004449201612904297
grit,alexlibby ,-0.11463732757254474
grit,alhajri ,-0.003284684993821285
grit,Alpaca_CultureAsAWoolkit ,-0.008449003036800962
grit,amaatouq ,0.045577834383189075
grit,amagann ,1.4730439090726577e-12
grit,amcz ,1.4730439090726577e-12
grit,amorgan ,4.440892098500626e-16
grit,amusse ,-1.906938040878714e-4
grit,Anahit_Sargsyan ,-37.1339644628286
grit,andrewor ,0.0013080056299895615
grit,annafil ,-2.220446049250313e-16
grit,aprilfeifei ,0.0207563729607253
grit,au324 ,-0.009927120890268482
grit,aurora1994 ,0.04248981163014598
grit,aycai ,0.004449201612904297
grit,azizkag ,-46.22730156795658
grit,baseline ,-2.220446049250313e-16
grit,bertalan ,-0.3234859901691194
grit,bjgoode ,-0.009584815631421773
grit,bleizman ,-0.0019629356170038914
grit,bnigdeli ,-0.002313582730785635
grit,brjohns ,0.030460812224573863
grit,Bumblebee2023 ,-0.010545834771795048
grit,bz247 ,-0.0259979056204529
grit,carnegien ,0.02568284674468757
grit,ccgilroy ,-2.220446049250313e-16
grit,chicacvr ,-2.220446049250313e-16
grit,chris ,-0.23941925186170376
grit,cjqian ,1.4730439090726577e-12
grit,cnstahl ,2.4424906541753444e-13
grit,datascience ,-2.220446049250313e-16
grit,davidj ,0.05792211109950973
grit,ddmmgg ,-0.0012593486976935075
grit,devanshg ,-1.3135635330498716
grit,dkozuch ,-0.02096008046283382
grit,dliu18 ,2.4424906541753444e-13
grit,dremalt ,0.026896915071566108
grit,drigobon ,0.036517522867384966
grit,DS ,-40.61414714511077
grit,eaman ,0.053845876358266875
grit,ec ,-0.003504359443684324
grit,echiou ,-2.220446049250313e-16
grit,edz ,-2.220446049250313e-16
grit,ehk02004 ,-0.0024546833401972723
grit,ekaban15 ,-0.002313582730785635
grit,err ,1.4730439090726577e-12
grit,ETsurkov ,-0.010279833796613458
grit,FormidableFamily ,0.003093164411612115
grit,fperraudeau ,0.00550727118049843
grit,fw ,-1.1215390398544578e-4
grit,ggundersen ,-46.22730156795658
grit,ghe ,-5.131651348336081
grit,greg.faletto ,0.0016339995737706392
grit,gregversteeg ,-0.023994452338457428
grit,gsharma298 ,-20.30116062055634
grit,gturunc16 ,-0.061761972808682675
grit,gulnihaltuzun ,-0.002313582730785635
grit,gwaldrop ,0.04798062175063078
grit,haixiaow ,-0.011367827129312946
grit,hamidrezaomidvar ,-0.023143747020282435
grit,hchai ,-6.186102187055907
grit,hesohn ,-6.941019536910176e-9
grit,hinthornw ,-0.03761375453972371
grit,hty ,0.004449126887598798
grit,ihorwitz ,1.6427790309203605e-4
grit,is2548_is ,-2.220446049250313e-16
grit,IU_Sociology ,-2.220446049250313e-16
grit,jeremyfreese ,0.02854193759632473
grit,jeremykanter ,1.4730439090726577e-12
grit,jgagne ,0.03172515217779148
grit,jlhillny ,0.0019375909077923303
grit,jmels13 ,-6.941019536910176e-9
grit,jnchen ,-0.15383543590590776
grit,joshua_becker_upenn ,1.4730439090726577e-12
grit,joshua800 ,-23.14463934497198
grit,Justajwu ,0.0481749781502524
grit,jzrf ,0.012550506768730263
grit,KAG ,0.04794010984501562
grit,kapoor ,0.03271259000545346
grit,karenfeng ,0
grit,karipuf ,0.022529234768389972
grit,katamg ,0.026586184284917658
grit,Katy_P ,0.002778404410689772
grit,kgenova ,-0.006844299360724726
grit,khiguera ,0
grit,kivan ,-0.2525688160061679
grit,kouyang ,0.05158506065698909
grit,largyle ,-0.002106690945364198
grit,lazs ,-1.9069376947999928e-4
grit,lbb285 ,0.048173634293163126
grit,lennyc ,-0.004340272281043278
grit,lkermode ,-2.2237100823857117
grit,LouisR ,0.02408571053457842
grit,lpschnab ,1.4730439090726577e-12
grit,mackl ,1.4730439090726577e-12
grit,malte ,0.037248618120270804
grit,mannyg ,-2.220446049250313e-16
grit,maria_yr ,1.4730439090726577e-12
grit,mb298 ,0.0027642225144758337
grit,mdb ,-2.220446049250313e-16
grit,mdrc ,1.4730439090726577e-12
grit,mkapoor ,-0.33525525124459676
grit,mloyola ,0.0032904590240990794
grit,mogwai ,0.020883730602418216
grit,mollylewis ,0.007053203843970013
grit,mrytting ,-0.7022429219996711
grit,mwhuhn ,-2.220446049250313e-16
grit,myeomans ,1.4730439090726577e-12
grit,NaijiaLiu ,-0.023198984862149885
grit,neamah ,-1.1396965551893725
grit,nmandell ,0.045373586645745534
grit,nperina ,-0.004843552092865799
grit,ovarol ,0.023216075335510955
grit,Pentlandians ,0.042821063664784886
grit,phoebs ,0.030460812224573863
grit,pkrafft ,4.6342159860668364e-4
grit,ppz ,-0.08200652369887518
grit,prakhar ,1.4730439090726577e-12
grit,pups33 ,0.018778790087897956
grit,rbamos ,0.004795264397023824
grit,rcompton ,-0.05304238100987102
grit,red_potato85 ,-0.06659985387624667
grit,rfjz ,0.012550506768730263
grit,rtodd ,1.4730439090726577e-12
grit,ruoyangp ,1.4730439090726577e-12
grit,ryanh ,2.4424906541753444e-13
grit,ryanjgallag ,2.4424906541753444e-13
grit,samantha_malte ,0.011201111253502094
grit,sender ,0.0026883823132536344
grit,shashim ,5.960522436261328e-4
grit,shausen ,0.0326994637395861
grit,siemann ,0.002688382381554111
grit,signoret ,-0.6706060066243262
grit,siqbal16 ,-0.002313582730785635
grit,smalamut ,-4.721550687385445e-4
grit,soc383 ,0.014947754250672296
grit,spike_slab_team ,-23.14463934497198
grit,sw2009 ,-2.220446049250313e-16
grit,sy ,0.058512474497284694
grit,t.f.schaffner ,0.03563160222301376
grit,Tamkinat ,0.03319077043995311
grit,tdavidson ,-2.220446049250313e-16
grit,the_Brit ,0.04147715819838127
grit,TheLoneCodeman ,-0.3255028473958037
grit,Tina_the_Llama ,0.0020294367587281315
grit,tongwang ,-0.004515242761142346
grit,user ,-1.906938040878714e-4
grit,user1 ,-4.721550687385445e-4
grit,vharman2 ,6.967517965515979e-4
grit,visseho ,-0.0069481922093725945
grit,weggert ,-0.03922539398980862
grit,wjlei1990 ,0.05380352173897118
grit,wnowak ,1.4730439090726577e-12
grit,wrcCOS424 ,-0.09110628597586778
grit,yaboybillnye ,-0.06626822618617423
grit,yjpeng ,0.052099484535970464
grit,yuex ,2.4424906541753444e-13
grit,zn2146 ,-2.220446049250313e-16
materialHardship,ADSgrp5 ,0.22860850737379712
materialHardship,aemack ,0.1631450100461832
materialHardship,agalle ,0.05528337470909794
materialHardship,alexlibby ,-0.13820836834969152
materialHardship,alhajri ,0.05657984599009791
materialHardship,Alpaca_CultureAsAWoolkit ,0.06073168902424653
materialHardship,amaatouq ,0.1972985505514584
materialHardship,amagann ,2.7936009061590994e-10
materialHardship,amcz ,2.7936009061590994e-10
materialHardship,amorgan ,0.035796380596072486
materialHardship,amusse ,0.055283373785713685
materialHardship,Anahit_Sargsyan ,-1051.149436540278
materialHardship,andrewor ,0.14228260080810595
materialHardship,annafil ,1.1102230246251565e-16
materialHardship,aprilfeifei ,0.20361541322189614
materialHardship,au324 ,0.017308044459270033
materialHardship,aurora1994 ,0.17281345559171535
materialHardship,aycai ,0.05528337470909794
materialHardship,azizkag ,-0.5057712549352658
materialHardship,baseline ,1.1102230246251565e-16
materialHardship,bertalan ,-0.23771340541573371
materialHardship,bjgoode ,0.21509687117888676
materialHardship,bleizman ,0.11881481357714352
materialHardship,bnigdeli ,9.889914442950953e-10
materialHardship,brjohns ,0.1604012181532869
materialHardship,Bumblebee2023 ,0
materialHardship,bz247 ,0.09149919976841636
materialHardship,carnegien ,0.12161319705254514
materialHardship,ccgilroy ,1.1102230246251565e-16
materialHardship,chicacvr ,1.1102230246251565e-16
materialHardship,chris ,0.00793151542909909
materialHardship,cjqian ,0.06961286663650201
materialHardship,cnstahl ,-2.347011474057581e-13
materialHardship,datascience ,0.19116763550690197
materialHardship,davidj ,0.2021546201744353
materialHardship,ddmmgg ,0.020789461292886502
materialHardship,devanshg ,0.0347308261486835
materialHardship,dkozuch ,-0.020524966778131093
materialHardship,dliu18 ,-2.347011474057581e-13
materialHardship,dremalt ,0.19516832672585016
materialHardship,drigobon ,0.17722008873016348
materialHardship,DS ,-1.1166037741757107
materialHardship,eaman ,0.2053590366868452
materialHardship,ec ,-0.06094104631645059
materialHardship,echiou ,1.1102230246251565e-16
materialHardship,edz ,1.1102230246251565e-16
materialHardship,ehk02004 ,0.038524380457833796
materialHardship,ekaban15 ,9.889914442950953e-10
materialHardship,err ,-0.06800289516132252
materialHardship,ETsurkov ,0.07454980093565977
materialHardship,FormidableFamily ,0.09087366421808196
materialHardship,fperraudeau ,0.05238125937391469
materialHardship,fw ,-0.06010872026609704
materialHardship,ggundersen ,-0.5057712549352658
materialHardship,ghe ,-3.129497620530766
materialHardship,greg.faletto ,0.07439275163956849
materialHardship,gregversteeg ,-0.02346363672656926
materialHardship,gsharma298 ,-9.813207414178068
materialHardship,gturunc16 ,2.7936009061590994e-10
materialHardship,gulnihaltuzun ,9.889914442950953e-10
materialHardship,gwaldrop ,0.21366043355724862
materialHardship,haixiaow ,0.2318711560307446
materialHardship,hamidrezaomidvar ,-0.09896611465399108
materialHardship,hchai ,-9.183199476908815
materialHardship,hesohn ,-1.1399028387870658e-9
materialHardship,hinthornw ,-0.07717117205534296
materialHardship,hty ,0.055282357549978234
materialHardship,ihorwitz ,0.009393250925819552
materialHardship,is2548_is ,1.1102230246251565e-16
materialHardship,IU_Sociology ,0.031398827679438246
materialHardship,jeremyfreese ,0.16844821182686132
materialHardship,jeremykanter ,2.7936009061590994e-10
materialHardship,jgagne ,0.18904986214711406
materialHardship,jlhillny ,0.13801405384192833
materialHardship,jmels13 ,-1.1399028387870658e-9
materialHardship,jnchen ,-0.06507703691356226
materialHardship,joshua_becker_upenn ,2.7936009061590994e-10
materialHardship,joshua800 ,-0.3037014023880671
materialHardship,Justajwu ,0.17246044566552754
materialHardship,jzrf ,0.08547504950580576
materialHardship,KAG ,0.1535379941592282
materialHardship,kapoor ,0.1733635846249051
materialHardship,karenfeng ,-0.0018879823523050288
materialHardship,karipuf ,0.17511874425132612
materialHardship,katamg ,0.19183961670698246
materialHardship,Katy_P ,0.04559613216974712
materialHardship,kgenova ,-0.063695758758193
materialHardship,khiguera ,0.04363894732512419
materialHardship,kivan ,-2.7895965316026667
materialHardship,kouyang ,0.17501831371542875
materialHardship,largyle ,0.045170701896270815
materialHardship,lazs ,-0.06929554315023778
materialHardship,lbb285 ,0.14571496586544774
materialHardship,lennyc ,0.004632973306514354
materialHardship,lkermode ,-1.6171282438664916
materialHardship,LouisR ,0.19543723172647698
materialHardship,lpschnab ,2.7936009061590994e-10
materialHardship,mackl ,2.7936009061590994e-10
materialHardship,malte ,0.20325789089394786
materialHardship,mannyg ,1.1102230246251565e-16
materialHardship,maria_yr ,2.7936009061590994e-10
materialHardship,mb298 ,0.05806221471137629
materialHardship,mdb ,0.02674878264135505
materialHardship,mdrc ,2.7936009061590994e-10
materialHardship,mkapoor ,-0.5057712549352658
materialHardship,mloyola ,2.7936009061590994e-10
materialHardship,mogwai ,2.7936009061590994e-10
materialHardship,mollylewis ,2.7936009061590994e-10
materialHardship,mrytting ,-0.1742823374125957
materialHardship,mwhuhn ,0.10022096041713946
materialHardship,myeomans ,0.035796380603598354
materialHardship,NaijiaLiu ,-0.09896611471606587
materialHardship,neamah ,0.0361538570913037
materialHardship,nmandell ,0.18896823990813016
materialHardship,nperina ,2.7936009061590994e-10
materialHardship,ovarol ,0.2017752521977132
materialHardship,Pentlandians ,0.2014565312181913
materialHardship,phoebs ,2.7936009061590994e-10
materialHardship,pkrafft ,0.007257963165202219
materialHardship,ppz ,-0.09540740395793113
materialHardship,prakhar ,2.7936009061590994e-10
materialHardship,pups33 ,0.13669754737829476
materialHardship,rbamos ,-0.06179105748405522
materialHardship,rcompton ,0.07357034791660477
materialHardship,red_potato85 ,-0.6476989078065254
materialHardship,rfjz ,0.17533073011407974
materialHardship,rtodd ,2.7936009061590994e-10
materialHardship,ruoyangp ,2.7936009061590994e-10
materialHardship,ryanh ,-2.347011474057581e-13
materialHardship,ryanjgallag ,-2.347011474057581e-13
materialHardship,samantha_malte ,0.18738737598180077
materialHardship,sender ,0.05434652247424043
materialHardship,shashim ,1.3052712133365674e-8
materialHardship,shausen ,0.19103551689790532
materialHardship,siemann ,0.05434652238655957
materialHardship,signoret ,0.13502734161670804
materialHardship,siqbal16 ,9.889914442950953e-10
materialHardship,smalamut ,-0.002867541902428661
materialHardship,soc383 ,0.1722006580300408
materialHardship,spike_slab_team ,-0.3037014023880671
materialHardship,sw2009 ,1.1102230246251565e-16
materialHardship,sy ,0.19897288595511586
materialHardship,t.f.schaffner ,0.18151684962808579
materialHardship,Tamkinat ,0.18784512854900615
materialHardship,tdavidson ,1.1102230246251565e-16
materialHardship,the_Brit ,0.20802533975683501
materialHardship,TheLoneCodeman ,-0.13366562856565234
materialHardship,Tina_the_Llama ,0.016077627111853232
materialHardship,tongwang ,-0.023704833468797926
materialHardship,user ,-0.04434130280430448
materialHardship,user1 ,-0.002867541902428661
materialHardship,vharman2 ,0.03169871236232191
materialHardship,visseho ,-0.5057712549352658
materialHardship,weggert ,0.1711717617678603
materialHardship,wjlei1990 ,0.2239087338321747
materialHardship,wnowak ,0.15192025852947166
materialHardship,wrcCOS424 ,-0.14315719873321409
materialHardship,yaboybillnye ,-0.21867491160902164
materialHardship,yjpeng ,0.20363722791399053
materialHardship,yuex ,-0.0122238788335991
materialHardship,zn2146 ,0.22826838146230166
eviction,ADSgrp5 ,1.215849643187994e-11
eviction,aemack ,0.03194526554809651
eviction,agalle ,-0.06261104330949596
eviction,alexlibby ,-0.1770460787428263
eviction,alhajri ,-0.007914022526921416
eviction,Alpaca_CultureAsAWoolkit ,8.879515999205001e-5
eviction,amaatouq ,0.036550202198764814
eviction,amagann ,1.215849643187994e-11
eviction,amcz ,1.215849643187994e-11
eviction,amorgan ,-0.19339394094758777
eviction,amusse ,-0.10380765606549502
eviction,Anahit_Sargsyan ,-512.1593946074628
eviction,andrewor ,0.009726327108687371
eviction,annafil ,1.1102230246251565e-16
eviction,aprilfeifei ,-0.06261104330949596
eviction,au324 ,-0.012182944943275764
eviction,aurora1994 ,-0.06261104330949596
eviction,aycai ,-0.06261104330949596
eviction,azizkag ,-0.8146127047285241
eviction,baseline ,1.1102230246251565e-16
eviction,bertalan ,-0.06261104330949596
eviction,bjgoode ,0.010702259250866653
eviction,bleizman ,-0.06261104330949596
eviction,bnigdeli ,-1.3074874516405544e-11
eviction,brjohns ,1.215849643187994e-11
eviction,Bumblebee2023 ,0.022430514415368474
eviction,bz247 ,-0.12800249212854187
eviction,carnegien ,0.015435194786158846
eviction,ccgilroy ,1.1102230246251565e-16
eviction,chicacvr ,1.1102230246251565e-16
eviction,chris ,1.215849643187994e-11
eviction,cjqian ,0.007559070059443895
eviction,cnstahl ,-0.9453956023666159
eviction,datascience ,1.1102230246251565e-16
eviction,davidj ,-0.06261104330949596
eviction,ddmmgg ,-0.004598870544784361
eviction,devanshg ,-0.046263181104734485
eviction,dkozuch ,-0.20974180315234947
eviction,dliu18 ,9.992007221626409e-16
eviction,dremalt ,0.033006863153316135
eviction,drigobon ,0.019124292072278615
eviction,DS ,-3.774867096566492e-4
eviction,eaman ,9.992007221626409e-16
eviction,ec ,-0.006190709566927799
eviction,echiou ,1.1102230246251565e-16
eviction,edz ,1.1102230246251565e-16
eviction,ehk02004 ,9.462995837200561e-4
eviction,ekaban15 ,-1.3074874516405544e-11
eviction,err ,1.215849643187994e-11
eviction,ETsurkov ,0.03726516422354209
eviction,FormidableFamily ,0.01735364484984192
eviction,fperraudeau ,0.013699263057821875
eviction,fw ,-0.01454332561454108
eviction,ggundersen ,-0.06261104330949596
eviction,ghe ,-1.1906135354380378
eviction,greg.faletto ,1.215849643187994e-11
eviction,gregversteeg ,-0.12800249212854187
eviction,gsharma298 ,-5.063779280368788
eviction,gturunc16 ,1.215849643187994e-11
eviction,gulnihaltuzun ,-1.3074874516405544e-11
eviction,gwaldrop ,9.992007221626409e-16
eviction,haixiaow ,-0.04138633948756487
eviction,hamidrezaomidvar ,-2.1154564092507044e-4
eviction,hchai ,-8.318281456714042
eviction,hesohn ,-1.3074874516405544e-11
eviction,hinthornw ,9.992007221626409e-16
eviction,hty ,-0.07961282000244796
eviction,ihorwitz ,0.002604463255279521
eviction,is2548_is ,1.1102230246251565e-16
eviction,IU_Sociology ,1.1102230246251565e-16
eviction,jeremyfreese ,0.03354026405251875
eviction,jeremykanter ,1.215849643187994e-11
eviction,jgagne ,0.026569093950912115
eviction,jlhillny ,0.0224076464181594
eviction,jmels13 ,-1.3074874516405544e-11
eviction,jnchen ,-0.006551031752686232
eviction,joshua_becker_upenn ,1.215849643187994e-11
eviction,joshua800 ,-67.93893491747914
eviction,Justajwu ,0.04414562270098499
eviction,jzrf ,0.02129017276747125
eviction,KAG ,-0.07220298115582824
eviction,kapoor ,9.992007221626409e-16
eviction,karenfeng ,-4.964180893838321e-4
eviction,karipuf ,9.992007221626409e-16
eviction,katamg ,0.0078430148979578
eviction,Katy_P ,0.005321796460445838
eviction,kgenova ,-0.009494302698256352
eviction,khiguera ,1.1102230246251565e-16
eviction,kivan ,-0.158093176896678
eviction,kouyang ,0.049127148635069395
eviction,largyle ,0.007189935378626888
eviction,lazs ,-0.06261104330949596
eviction,lbb285 ,0.02458723762707693
eviction,lennyc ,1.574811425535394e-4
eviction,lkermode ,-4.413298824821745
eviction,LouisR ,-0.06261104330949596
eviction,lpschnab ,1.215849643187994e-11
eviction,mackl ,-0.06261104330949596
eviction,malte ,0.03208951802377158
eviction,mannyg ,1.1102230246251565e-16
eviction,maria_yr ,1.215849643187994e-11
eviction,mb298 ,0.03931466100276948
eviction,mdb ,1.1102230246251565e-16
eviction,mdrc ,0.05472253348418732
eviction,mkapoor ,-0.045282309372448815
eviction,mloyola ,1.215849643187994e-11
eviction,mogwai ,1.215849643187994e-11
eviction,mollylewis ,1.215849643187994e-11
eviction,mrytting ,-0.22608966535711073
eviction,mwhuhn ,1.1102230246251565e-16
eviction,myeomans ,0.00565193823983956
eviction,NaijiaLiu ,-2.115457091811379e-4
eviction,neamah ,-0.07895890551425744
eviction,nmandell ,0.039794082038441814
eviction,nperina ,-12.726837116120526
eviction,ovarol ,-0.06261104330949596
eviction,Pentlandians ,0.029555491926814614
eviction,phoebs ,1.215849643187994e-11
eviction,pkrafft ,0.002450560516130351
eviction,ppz ,-1.4848750551237444
eviction,prakhar ,1.215849643187994e-11
eviction,pups33 ,-0.01158796453654265
eviction,rbamos ,-14.416034059090073
eviction,rcompton ,-0.12800249212854187
eviction,red_potato85 ,-0.11946839516579333
eviction,rfjz ,0.02129017276747125
eviction,rtodd ,1.215849643187994e-11
eviction,ruoyangp ,0.00588407231502297
eviction,ryanh ,9.992007221626409e-16
eviction,ryanjgallag ,-0.060452328977664394
eviction,samantha_malte ,0.024008104582432632
eviction,sender ,-0.06261104330949596
eviction,shashim ,-4.16812584447257e-10
eviction,shausen ,0.025756273486529424
eviction,siemann ,-0.06261104330949596
eviction,signoret ,-0.052321309260749294
eviction,siqbal16 ,-1.3074874516405544e-11
eviction,smalamut ,-0.06261104330949596
eviction,soc383 ,0.029809626174118198
eviction,spike_slab_team ,0.03777360169345856
eviction,sw2009 ,1.1102230246251565e-16
eviction,sy ,-0.025599776770691696
eviction,t.f.schaffner ,-15.96908096854241
eviction,Tamkinat ,0.02679476977793227
eviction,tdavidson ,1.1102230246251565e-16
eviction,the_Brit ,-0.027995743289855435
eviction,TheLoneCodeman ,-4.721751771666517
eviction,Tina_the_Llama ,0.013368288172767695
eviction,tongwang ,1.215849643187994e-11
eviction,user ,-0.1420948387663723
eviction,user1 ,-0.06261104330949596
eviction,vharman2 ,0.012929582035981824
eviction,visseho ,-0.06261104330949596
eviction,weggert ,-0.06261104330949596
eviction,wjlei1990 ,0.031592236325057366
eviction,wnowak ,1.215849643187994e-11
eviction,wrcCOS424 ,-5.392014122061737
eviction,yaboybillnye ,-4.556093255469028
eviction,yjpeng ,0.026012923824917267
eviction,yuex ,-0.06261104330949596
eviction,zn2146 ,1.1102230246251565e-16
layoff,ADSgrp5 ,-5.078826248450241e-12
layoff,aemack ,0.013923756959237088
layoff,agalle ,-0.2693991283942201
layoff,alexlibby ,-0.46793074563123094
layoff,alhajri ,-0.2693991283942201
layoff,Alpaca_CultureAsAWoolkit ,0.012332256691388155
layoff,amaatouq ,0.02595706862408287
layoff,amagann ,-5.078826248450241e-12
layoff,amcz ,-5.078826248450241e-12
layoff,amorgan ,-0.6123173763490568
layoff,amusse ,-0.07387556596383082
layoff,Anahit_Sargsyan ,-159.07062847954984
layoff,andrewor ,-0.0036585727308127147
layoff,annafil ,-0.039028848877726174
layoff,aprilfeifei ,-0.27541523800746304
layoff,au324 ,1.4547836578893136e-4
layoff,aurora1994 ,-0.40776964949880345
layoff,aycai ,-0.2693991283942201
layoff,azizkag ,-0.2693991283942201
layoff,baseline ,1.1102230246251565e-16
layoff,bertalan ,-0.2693991283942201
layoff,bjgoode ,0.01660138861015703
layoff,bleizman ,-0.2693991283942201
layoff,bnigdeli ,2.2382540265653006e-10
layoff,brjohns ,-2.0290459628140014
layoff,Bumblebee2023 ,0.002546383007330566
layoff,bz247 ,-0.2693991283942201
layoff,carnegien ,-0.02488964883807876
layoff,ccgilroy ,1.1102230246251565e-16
layoff,chicacvr ,1.1102230246251565e-16
layoff,chris ,-5.078826248450241e-12
layoff,cjqian ,0.006027366824048919
layoff,cnstahl ,-0.8649939801052524
layoff,datascience ,1.1102230246251565e-16
layoff,davidj ,-0.2693991283942201
layoff,ddmmgg ,0.014539769616267018
layoff,devanshg ,-0.2693991283942201
layoff,dkozuch ,-0.3175280053001621
layoff,dliu18 ,-4.6629367034256575e-15
layoff,dremalt ,0.012416167003548084
layoff,drigobon ,0.012375951412471053
layoff,DS ,-0.009297762220460415
layoff,eaman ,-4.6629367034256575e-15
layoff,ec ,-0.019112706037804905
layoff,echiou ,1.1102230246251565e-16
layoff,edz ,1.1102230246251565e-16
layoff,ehk02004 ,0.013245140313672854
layoff,ekaban15 ,2.2382540265653006e-10
layoff,err ,-5.078826248450241e-12
layoff,ETsurkov ,0.0044724601418443255
layoff,FormidableFamily ,0.021198414025991652
layoff,fperraudeau ,0.004248984303467429
layoff,fw ,-0.02144390704396293
layoff,ggundersen ,-0.2693991283942201
layoff,ghe ,-1.2680733241925166
layoff,greg.faletto ,-5.078826248450241e-12
layoff,gregversteeg ,-0.3716729918193469
layoff,gsharma298 ,-5.546800807065846
layoff,gturunc16 ,-5.078826248450241e-12
layoff,gulnihaltuzun ,2.2382540265653006e-10
layoff,gwaldrop ,-4.6629367034256575e-15
layoff,haixiaow ,-0.0216243801289131
layoff,hamidrezaomidvar ,-0.038452589081726885
layoff,hchai ,-2.0682159027538023
layoff,hesohn ,3.7642755579270215e-10
layoff,hinthornw ,-4.6629367034256575e-15
layoff,hty ,-0.10016596497370167
layoff,ihorwitz ,-0.03083315602116521
layoff,is2548_is ,1.1102230246251565e-16
layoff,IU_Sociology ,1.1102230246251565e-16
layoff,jeremyfreese ,0.01192966290336428
layoff,jeremykanter ,-5.078826248450241e-12
layoff,jgagne ,0.006976070874764151
layoff,jlhillny ,0.005500405625298188
layoff,jmels13 ,3.7642755579270215e-10
layoff,jnchen ,-0.04618328481401934
layoff,joshua_becker_upenn ,-5.078826248450241e-12
layoff,joshua800 ,-19.111854437070512
layoff,Justajwu ,0.013126285246841674
layoff,jzrf ,1.80501374758002e-5
layoff,KAG ,-0.06827201301143937
layoff,kapoor ,-4.6629367034256575e-15
layoff,karenfeng ,-0.05238313579060083
layoff,karipuf ,-4.6629367034256575e-15
layoff,katamg ,0.007954299688034405
layoff,Katy_P ,0.0037650867200710314
layoff,kgenova ,-0.00980414108169958
layoff,khiguera ,0
layoff,kivan ,-0.16394165973945296
layoff,kouyang ,-0.009802235282503347
layoff,largyle ,0.007003314912337744
layoff,lazs ,-0.2693991283942201
layoff,lbb285 ,0.019735593955752972
layoff,lennyc ,5.074808210403514e-5
layoff,lkermode ,-4.758853040986874
layoff,LouisR ,-0.6604462532549988
layoff,lpschnab ,-5.078826248450241e-12
layoff,mackl ,-0.2693991283942201
layoff,malte ,0.021203612932704674
layoff,mannyg ,1.1102230246251565e-16
layoff,maria_yr ,-5.078826248450241e-12
layoff,mb298 ,0.008542472798623968
layoff,mdb ,1.1102230246251565e-16
layoff,mdrc ,-5.078826248450241e-12
layoff,mkapoor ,-0.08079409201906018
layoff,mloyola ,-5.078826248450241e-12
layoff,mogwai ,-5.078826248450241e-12
layoff,mollylewis ,-5.078826248450241e-12
layoff,mrytting ,-0.4198018687252889
layoff,mwhuhn ,1.1102230246251565e-16
layoff,myeomans ,0.009942818805926068
layoff,NaijiaLiu ,-0.03845258900904347
layoff,neamah ,-0.2693991283942201
layoff,nmandell ,0.012732372268002612
layoff,nperina ,-1.9439981961519148
layoff,ovarol ,-0.0029400155215435486
layoff,Pentlandians ,0.028469523004714947
layoff,phoebs ,-5.078826248450241e-12
layoff,pkrafft ,5.897890706951792e-4
layoff,ppz ,-1.1297028030879335
layoff,prakhar ,-5.078826248450241e-12
layoff,pups33 ,0.004996392885990186
layoff,rbamos ,-0.2693991283942201
layoff,rcompton ,-0.2934635668471912
layoff,red_potato85 ,-0.01078326706006738
layoff,rfjz ,1.80501374758002e-5
layoff,rtodd ,-5.078826248450241e-12
layoff,ruoyangp ,-0.11973293135451213
layoff,ryanh ,-4.6629367034256575e-15
layoff,ryanjgallag ,-0.08359658257230129
layoff,samantha_malte ,0.010013502349055736
layoff,sender ,-0.2874474572339485
layoff,shashim ,3.7642755579270215e-10
layoff,shausen ,0.012300818232669375
layoff,siemann ,-0.2874474572339485
layoff,signoret ,-0.002039484529510416
layoff,siqbal16 ,2.2382540265653006e-10
layoff,smalamut ,-0.2693991283942201
layoff,soc383 ,0.014263401080128912
layoff,spike_slab_team ,-3.710613827169073
layoff,sw2009 ,1.1102230246251565e-16
layoff,sy ,-0.001008896452351804
layoff,t.f.schaffner ,-3.710613827169073
layoff,Tamkinat ,0.0167381814862142
layoff,tdavidson ,1.1102230246251565e-16
layoff,the_Brit ,0.027742129073329624
layoff,TheLoneCodeman ,-2.3569891641894545
layoff,Tina_the_Llama ,0.01306487619669705
layoff,tongwang ,-5.078826248450241e-12
layoff,user ,-0.018024343999445858
layoff,user1 ,-0.2693991283942201
layoff,vharman2 ,-0.010729981397707311
layoff,visseho ,-0.2693991283942201
layoff,weggert ,-0.3175280053001621
layoff,wjlei1990 ,0.01566436199463761
layoff,wnowak ,-5.078826248450241e-12
layoff,wrcCOS424 ,-0.3596407725928614
layoff,yaboybillnye ,-0.77607096624922
layoff,yjpeng ,0.016315378253264456
layoff,yuex ,-0.2693991283942201
layoff,zn2146 ,1.1102230246251565e-16
jobTraining,ADSgrp5 ,3.9523939676655573e-13
jobTraining,aemack ,0.035772363693741704
jobTraining,agalle ,-0.3245113426463013
jobTraining,alexlibby ,-0.6324235735935966
jobTraining,alhajri ,-0.3245113426463013
jobTraining,Alpaca_CultureAsAWoolkit ,0.004542047964721685
jobTraining,amaatouq ,-0.00472653270371115
jobTraining,amagann ,3.9523939676655573e-13
jobTraining,amcz ,3.9523939676655573e-13
jobTraining,amorgan ,-0.5297861632778313
jobTraining,amusse ,-0.06347019574320556
jobTraining,Anahit_Sargsyan ,-137.775553738373
jobTraining,andrewor ,0.012290772731278987
jobTraining,annafil ,1.1102230246251565e-16
jobTraining,aprilfeifei ,-0.45647372733799907
jobTraining,au324 ,-3.149567809557219e-5
jobTraining,aurora1994 ,-0.3245113426463013
jobTraining,aycai ,-0.3245113426463013
jobTraining,azizkag ,-0.3245113426463013
jobTraining,baseline ,1.1102230246251565e-16
jobTraining,bertalan ,-0.3245113426463013
jobTraining,bjgoode ,-6.0281240573889505e-5
jobTraining,bleizman ,-0.3245113426463013
jobTraining,bnigdeli ,-2.3497304164665778e-4
jobTraining,brjohns ,3.9523939676655573e-13
jobTraining,Bumblebee2023 ,0.024837368797168025
jobTraining,bz247 ,-0.34894882129291194
jobTraining,carnegien ,0.025475024315449346
jobTraining,ccgilroy ,1.1102230246251565e-16
jobTraining,chicacvr ,1.1102230246251565e-16
jobTraining,chris ,3.9523939676655573e-13
jobTraining,cjqian ,3.9523939676655573e-13
jobTraining,cnstahl ,-2.0155848649917636
jobTraining,datascience ,1.1102230246251565e-16
jobTraining,davidj ,-0.29029887254104625
jobTraining,ddmmgg ,0.005143730474206576
jobTraining,devanshg ,-0.3245113426463013
jobTraining,dkozuch ,-0.4418112401500329
jobTraining,dliu18 ,4.884981308350689e-14
jobTraining,dremalt ,0.0030452313225459715
jobTraining,drigobon ,0.026348117889215872
jobTraining,DS ,0.019376262912309983
jobTraining,eaman ,4.884981308350689e-14
jobTraining,ec ,-0.03538973006528323
jobTraining,echiou ,1.1102230246251565e-16
jobTraining,edz ,1.1102230246251565e-16
jobTraining,ehk02004 ,2.6700344607288873e-4
jobTraining,ekaban15 ,-2.3497304164665778e-4
jobTraining,err ,3.9523939676655573e-13
jobTraining,ETsurkov ,0.03293739160076392
jobTraining,FormidableFamily ,0.019690612616815595
jobTraining,fperraudeau ,0.0334911561147313
jobTraining,fw ,-0.02638590305257793
jobTraining,ggundersen ,-0.3245113426463013
jobTraining,ghe ,-0.9012358387063144
jobTraining,greg.faletto ,3.9523939676655573e-13
jobTraining,gregversteeg ,-0.485798701713932
jobTraining,gsharma298 ,-3.7277144751088818
jobTraining,gturunc16 ,-0.37338629993952277
jobTraining,gulnihaltuzun ,-2.3497304164665778e-4
jobTraining,gwaldrop ,4.884981308350689e-14
jobTraining,haixiaow ,0.022378211677910764
jobTraining,hamidrezaomidvar ,-0.14111432480486008
jobTraining,hchai ,-1.6685726682098911
jobTraining,hesohn ,-5.769718036674476e-10
jobTraining,hinthornw ,4.884981308350689e-14
jobTraining,hty ,-0.06869981617358034
jobTraining,ihorwitz ,-0.012809691007117818
jobTraining,is2548_is ,-2.220446049250313e-16
jobTraining,IU_Sociology ,-2.220446049250313e-16
jobTraining,jeremyfreese ,0.014676636823078737
jobTraining,jeremykanter ,3.9523939676655573e-13
jobTraining,jgagne ,0.020147152809935287
jobTraining,jlhillny ,0.04340463263175243
jobTraining,jmels13 ,-5.769718036674476e-10
jobTraining,jnchen ,-0.03738714325429182
jobTraining,joshua_becker_upenn ,3.9523939676655573e-13
jobTraining,joshua800 ,-16.609647112747687
jobTraining,Justajwu ,0.02236034028849787
jobTraining,jzrf ,0.03538523992288101
jobTraining,KAG ,-0.05668575931539199
jobTraining,kapoor ,-3.2570087802395884
jobTraining,karenfeng ,-1.2268019787153861e-5
jobTraining,karipuf ,4.884981308350689e-14
jobTraining,katamg ,0.03405622832304189
jobTraining,Katy_P ,0.022183735300381424
jobTraining,kgenova ,-0.01710412445653997
jobTraining,khiguera ,-0.0021446876891755284
jobTraining,kivan ,-0.6853966159335161
jobTraining,kouyang ,0.030098679691663466
jobTraining,largyle ,-2.8344315241346507e-5
jobTraining,lazs ,-0.3245113426463013
jobTraining,lbb285 ,0.023368110474377146
jobTraining,lennyc ,-2.3866883904677394e-4
jobTraining,lkermode ,-0.10357773739633935
jobTraining,LouisR ,-0.32939883837562345
jobTraining,lpschnab ,3.9523939676655573e-13
jobTraining,mackl ,-0.32939883837562345
jobTraining,malte ,0.05019572017255647
jobTraining,mannyg ,1.1102230246251565e-16
jobTraining,maria_yr ,3.9523939676655573e-13
jobTraining,mb298 ,-6.240922109834734e-5
jobTraining,mdb ,1.1102230246251565e-16
jobTraining,mdrc ,0.05229799969892224
jobTraining,mkapoor ,-0.10784865696545065
jobTraining,mloyola ,3.9523939676655573e-13
jobTraining,mogwai ,-0.5982111034883413
jobTraining,mollylewis ,3.9523939676655573e-13
jobTraining,mrytting ,-0.6324235735935966
jobTraining,mwhuhn ,1.1102230246251565e-16
jobTraining,myeomans ,0.028452966997848717
jobTraining,NaijiaLiu ,-0.1411143248534037
jobTraining,neamah ,-0.3245113426463013
jobTraining,nmandell ,0.03975898232408459
jobTraining,nperina ,-1.6844339908859522
jobTraining,ovarol ,-1.1114755233743168e-5
jobTraining,Pentlandians ,0.039019456755264414
jobTraining,phoebs ,3.9523939676655573e-13
jobTraining,pkrafft ,-9.072314646536572e-4
jobTraining,ppz ,-0.7546109668266501
jobTraining,prakhar ,3.9523939676655573e-13
jobTraining,pups33 ,0.025572727356385827
jobTraining,rbamos ,-0.3245113426463013
jobTraining,rcompton ,-0.3831612913981668
jobTraining,red_potato85 ,-0.007716425965355933
jobTraining,rfjz ,0.03538523992288101
jobTraining,rtodd ,3.9523939676655573e-13
jobTraining,ruoyangp ,-0.2079708667500404
jobTraining,ryanh ,4.884981308350689e-14
jobTraining,ryanjgallag ,-0.03422955121033611
jobTraining,samantha_malte ,0.02303263734326011
jobTraining,sender ,-0.3245113426463013
jobTraining,shashim ,-5.769718036674476e-10
jobTraining,shausen ,0.02501848956495556
jobTraining,siemann ,-0.3245113426463013
jobTraining,signoret ,-0.07016283457940431
jobTraining,siqbal16 ,-2.3497304164665778e-4
jobTraining,smalamut ,-0.3245113426463013
jobTraining,soc383 ,0.014244391214855101
jobTraining,spike_slab_team ,-3.071283942525347
jobTraining,sw2009 ,1.1102230246251565e-16
jobTraining,sy ,0.04385115073889767
jobTraining,t.f.schaffner ,-3.071283942525347
jobTraining,Tamkinat ,0.02069154585403632
jobTraining,tdavidson ,-2.220446049250313e-16
jobTraining,the_Brit ,0.025717035062248872
jobTraining,TheLoneCodeman ,-1.2824605055934417
jobTraining,Tina_the_Llama ,0.019344062152746644
jobTraining,tongwang ,3.9523939676655573e-13
jobTraining,user ,-0.009057646033226563
jobTraining,user1 ,-0.3245113426463013
jobTraining,vharman2 ,0.007039541638861002
jobTraining,visseho ,-0.3245113426463013
jobTraining,weggert ,-0.3196238469169792
jobTraining,wjlei1990 ,0.03454801175051736
jobTraining,wnowak ,3.9523939676655573e-13
jobTraining,wrcCOS424 ,-2.0497973350970184
jobTraining,yaboybillnye ,-0.45548460235715194
jobTraining,yjpeng ,0.03868419014743241
jobTraining,yuex ,-0.3636113084808785
jobTraining,zn2146 ,1.1102230246251565e-16
